first_name;last_name;age;upload_id
first_1;last_1;1;50
first_2;last_2;2;51
first_3;last_3;3;52
first_4;last_4;4;53
first_5;last_5;5;54
first_6;last_6;6;55
first_7;last_7;7;56
first_8;last_8;8;57
first_9;last_9;9;58
first_10;last_10;10;59
first_11;last_11;11;60
first_12;last_12;12;61
first_13;last_13;13;62
first_14;last_14;14;63
first_15;last_15;15;64
first_16;last_16;16;65
first_17;last_17;17;66
first_18;last_18;18;67
first_19;last_19;19;68
first_20;last_20;20;69
first_21;last_21;21;70
first_22;last_22;22;71
first_23;last_23;23;72
first_24;last_24;24;73
first_25;last_25;25;74
first_26;last_26;26;75
first_27;last_27;27;76
first_28;last_28;28;77
first_29;last_29;29;78
first_30;last_30;30;79
first_31;last_31;31;80
first_32;last_32;32;81
first_33;last_33;33;82
first_34;last_34;34;83
first_35;last_35;35;84
first_36;last_36;36;85
first_37;last_37;37;86
first_38;last_38;38;87
first_39;last_39;39;88
first_40;last_40;40;89
first_41;last_41;41;90
first_42;last_42;42;91
first_43;last_43;43;92
first_44;last_44;44;93
first_45;last_45;45;94
first_46;last_46;46;95
first_47;last_47;47;96
first_48;last_48;48;97
first_49;last_49;49;98
first_50;last_50;50;99
first_51;last_51;51;100
first_52;last_52;52;101
first_53;last_53;53;102
first_54;last_54;54;103
first_55;last_55;55;104
first_56;last_56;56;105
first_57;last_57;57;106
first_58;last_58;58;107
first_59;last_59;59;108
first_60;last_60;60;109
first_61;last_61;61;110
first_62;last_62;62;111
first_63;last_63;63;112
first_64;last_64;64;113
first_65;last_65;65;114
first_66;last_66;66;115
first_67;last_67;67;116
first_68;last_68;68;117
first_69;last_69;69;118
first_70;last_70;70;119
first_71;last_71;71;120
first_72;last_72;72;121
first_73;last_73;73;122
first_74;last_74;74;123
first_75;last_75;75;124
first_76;last_76;76;125
first_77;last_77;77;126
first_78;last_78;78;127
first_79;last_79;79;128
first_80;last_80;80;129
first_81;last_81;81;130
first_82;last_82;82;131
first_83;last_83;83;132
first_84;last_84;84;133
first_85;last_85;85;134
first_86;last_86;86;135
first_87;last_87;87;136
first_88;last_88;88;137
first_89;last_89;89;138
first_90;last_90;90;139
first_91;last_91;91;140
first_92;last_92;92;141
first_93;last_93;93;142
first_94;last_94;94;143
first_95;last_95;95;144
first_96;last_96;96;145
first_97;last_97;97;146
first_98;last_98;98;147
first_99;last_99;99;148
first_100;last_100;100;149
first_101;last_101;101;150
first_102;last_102;102;151
first_103;last_103;103;152
first_104;last_104;104;153
first_105;last_105;105;154
first_106;last_106;106;155
first_107;last_107;107;156
first_108;last_108;108;157
first_109;last_109;109;158
first_110;last_110;110;159
first_111;last_111;111;160
first_112;last_112;112;161
first_113;last_113;113;162
first_114;last_114;114;163
first_115;last_115;115;164
first_116;last_116;116;165
first_117;last_117;117;166
first_118;last_118;118;167
first_119;last_119;119;168
first_120;last_120;120;169
first_121;last_121;121;170
first_122;last_122;122;171
first_123;last_123;123;172
first_124;last_124;124;173
first_125;last_125;125;174
first_126;last_126;126;175
first_127;last_127;127;176
first_128;last_128;128;177
first_129;last_129;129;178
first_130;last_130;130;179
first_131;last_131;131;180
first_132;last_132;132;181
first_133;last_133;133;182
first_134;last_134;134;183
first_135;last_135;135;184
first_136;last_136;136;185
first_137;last_137;137;186
first_138;last_138;138;187
first_139;last_139;139;188
first_140;last_140;140;189
first_141;last_141;141;190
first_142;last_142;142;191
first_143;last_143;143;192
first_144;last_144;144;193
first_145;last_145;145;194
first_146;last_146;146;195
first_147;last_147;147;196
first_148;last_148;148;197
first_149;last_149;149;198
first_150;last_150;150;199
first_151;last_151;151;200
first_152;last_152;152;201
first_153;last_153;153;202
first_154;last_154;154;203
first_155;last_155;155;204
first_156;last_156;156;205
first_157;last_157;157;206
first_158;last_158;158;207
first_159;last_159;159;208
first_160;last_160;160;209
first_161;last_161;161;210
first_162;last_162;162;211
first_163;last_163;163;212
first_164;last_164;164;213
first_165;last_165;165;214
first_166;last_166;166;215
first_167;last_167;167;216
first_168;last_168;168;217
first_169;last_169;169;218
first_170;last_170;170;219
first_171;last_171;171;220
first_172;last_172;172;221
first_173;last_173;173;222
first_174;last_174;174;223
first_175;last_175;175;224
first_176;last_176;176;225
first_177;last_177;177;226
first_178;last_178;178;227
first_179;last_179;179;228
first_180;last_180;180;229
first_181;last_181;181;230
first_182;last_182;182;231
first_183;last_183;183;232
first_184;last_184;184;233
first_185;last_185;185;234
first_186;last_186;186;235
first_187;last_187;187;236
first_188;last_188;188;237
first_189;last_189;189;238
first_190;last_190;190;239
first_191;last_191;191;240
first_192;last_192;192;241
first_193;last_193;193;242
first_194;last_194;194;243
first_195;last_195;195;244
first_196;last_196;196;245
first_197;last_197;197;246
first_198;last_198;198;247
first_199;last_199;199;248
first_200;last_200;200;249
first_201;last_201;201;250
first_202;last_202;202;251
first_203;last_203;203;252
first_204;last_204;204;253
first_205;last_205;205;254
first_206;last_206;206;255
first_207;last_207;207;256
first_208;last_208;208;257
first_209;last_209;209;258
first_210;last_210;210;259
first_211;last_211;211;260
first_212;last_212;212;261
first_213;last_213;213;262
first_214;last_214;214;263
first_215;last_215;215;264
first_216;last_216;216;265
first_217;last_217;217;266
first_218;last_218;218;267
first_219;last_219;219;268
first_220;last_220;220;269
first_221;last_221;221;270
first_222;last_222;222;271
first_223;last_223;223;272
first_224;last_224;224;273
first_225;last_225;225;274
first_226;last_226;226;275
first_227;last_227;227;276
first_228;last_228;228;277
first_229;last_229;229;278
first_230;last_230;230;279
first_231;last_231;231;280
first_232;last_232;232;281
first_233;last_233;233;282
first_234;last_234;234;283
first_235;last_235;235;284
first_236;last_236;236;285
first_237;last_237;237;286
first_238;last_238;238;287
first_239;last_239;239;288
first_240;last_240;240;289
first_241;last_241;241;290
first_242;last_242;242;291
first_243;last_243;243;292
first_244;last_244;244;293
first_245;last_245;245;294
first_246;last_246;246;295
first_247;last_247;247;296
first_248;last_248;248;297
first_249;last_249;249;298
first_250;last_250;250;299
first_251;last_251;251;300
first_252;last_252;252;301
first_253;last_253;253;302
first_254;last_254;254;303
first_255;last_255;255;304
first_256;last_256;256;305
first_257;last_257;257;306
first_258;last_258;258;307
first_259;last_259;259;308
first_260;last_260;260;309
first_261;last_261;261;310
first_262;last_262;262;311
first_263;last_263;263;312
first_264;last_264;264;313
first_265;last_265;265;314
first_266;last_266;266;315
first_267;last_267;267;316
first_268;last_268;268;317
first_269;last_269;269;318
first_270;last_270;270;319
first_271;last_271;271;320
first_272;last_272;272;321
first_273;last_273;273;322
first_274;last_274;274;323
first_275;last_275;275;324
first_276;last_276;276;325
first_277;last_277;277;326
first_278;last_278;278;327
first_279;last_279;279;328
first_280;last_280;280;329
first_281;last_281;281;330
first_282;last_282;282;331
first_283;last_283;283;332
first_284;last_284;284;333
first_285;last_285;285;334
first_286;last_286;286;335
first_287;last_287;287;336
first_288;last_288;288;337
first_289;last_289;289;338
first_290;last_290;290;339
first_291;last_291;291;340
first_292;last_292;292;341
first_293;last_293;293;342
first_294;last_294;294;343
first_295;last_295;295;344
first_296;last_296;296;345
first_297;last_297;297;346
first_298;last_298;298;347
first_299;last_299;299;348
first_300;last_300;300;349
first_301;last_301;301;350
first_302;last_302;302;351
first_303;last_303;303;352
first_304;last_304;304;353
first_305;last_305;305;354
first_306;last_306;306;355
first_307;last_307;307;356
first_308;last_308;308;357
first_309;last_309;309;358
first_310;last_310;310;359
first_311;last_311;311;360
first_312;last_312;312;361
first_313;last_313;313;362
first_314;last_314;314;363
first_315;last_315;315;364
first_316;last_316;316;365
first_317;last_317;317;366
first_318;last_318;318;367
first_319;last_319;319;368
first_320;last_320;320;369
first_321;last_321;321;370
first_322;last_322;322;371
first_323;last_323;323;372
first_324;last_324;324;373
first_325;last_325;325;374
first_326;last_326;326;375
first_327;last_327;327;376
first_328;last_328;328;377
first_329;last_329;329;378
first_330;last_330;330;379
first_331;last_331;331;380
first_332;last_332;332;381
first_333;last_333;333;382
first_334;last_334;334;383
first_335;last_335;335;384
first_336;last_336;336;385
first_337;last_337;337;386
first_338;last_338;338;387
first_339;last_339;339;388
first_340;last_340;340;389
first_341;last_341;341;390
first_342;last_342;342;391
first_343;last_343;343;392
first_344;last_344;344;393
first_345;last_345;345;394
first_346;last_346;346;395
first_347;last_347;347;396
first_348;last_348;348;397
first_349;last_349;349;398
first_350;last_350;350;399
first_351;last_351;351;400
first_352;last_352;352;401
first_353;last_353;353;402
first_354;last_354;354;403
first_355;last_355;355;404
first_356;last_356;356;405
first_357;last_357;357;406
first_358;last_358;358;407
first_359;last_359;359;408
first_360;last_360;360;409
first_361;last_361;361;410
first_362;last_362;362;411
first_363;last_363;363;412
first_364;last_364;364;413
first_365;last_365;365;414
first_366;last_366;366;415
first_367;last_367;367;416
first_368;last_368;368;417
first_369;last_369;369;418
first_370;last_370;370;419
first_371;last_371;371;420
first_372;last_372;372;421
first_373;last_373;373;422
first_374;last_374;374;423
first_375;last_375;375;424
first_376;last_376;376;425
first_377;last_377;377;426
first_378;last_378;378;427
first_379;last_379;379;428
first_380;last_380;380;429
first_381;last_381;381;430
first_382;last_382;382;431
first_383;last_383;383;432
first_384;last_384;384;433
first_385;last_385;385;434
first_386;last_386;386;435
first_387;last_387;387;436
first_388;last_388;388;437
first_389;last_389;389;438
first_390;last_390;390;439
first_391;last_391;391;440
first_392;last_392;392;441
first_393;last_393;393;442
first_394;last_394;394;443
first_395;last_395;395;444
first_396;last_396;396;445
first_397;last_397;397;446
first_398;last_398;398;447
first_399;last_399;399;448
first_400;last_400;400;449
first_401;last_401;401;450
first_402;last_402;402;451
first_403;last_403;403;452
first_404;last_404;404;453
first_405;last_405;405;454
first_406;last_406;406;455
first_407;last_407;407;456
first_408;last_408;408;457
first_409;last_409;409;458
first_410;last_410;410;459
first_411;last_411;411;460
first_412;last_412;412;461
first_413;last_413;413;462
first_414;last_414;414;463
first_415;last_415;415;464
first_416;last_416;416;465
first_417;last_417;417;466
first_418;last_418;418;467
first_419;last_419;419;468
first_420;last_420;420;469
first_421;last_421;421;470
first_422;last_422;422;471
first_423;last_423;423;472
first_424;last_424;424;473
first_425;last_425;425;474
first_426;last_426;426;475
first_427;last_427;427;476
first_428;last_428;428;477
first_429;last_429;429;478
first_430;last_430;430;479
first_431;last_431;431;480
first_432;last_432;432;481
first_433;last_433;433;482
first_434;last_434;434;483
first_435;last_435;435;484
first_436;last_436;436;485
first_437;last_437;437;486
first_438;last_438;438;487
first_439;last_439;439;488
first_440;last_440;440;489
first_441;last_441;441;490
first_442;last_442;442;491
first_443;last_443;443;492
first_444;last_444;444;493
first_445;last_445;445;494
first_446;last_446;446;495
first_447;last_447;447;496
first_448;last_448;448;497
first_449;last_449;449;498
first_450;last_450;450;499
first_451;last_451;451;500
first_452;last_452;452;501
first_453;last_453;453;502
first_454;last_454;454;503
first_455;last_455;455;504
first_456;last_456;456;505
first_457;last_457;457;506
first_458;last_458;458;507
first_459;last_459;459;508
first_460;last_460;460;509
first_461;last_461;461;510
first_462;last_462;462;511
first_463;last_463;463;512
first_464;last_464;464;513
first_465;last_465;465;514
first_466;last_466;466;515
first_467;last_467;467;516
first_468;last_468;468;517
first_469;last_469;469;518
first_470;last_470;470;519
first_471;last_471;471;520
first_472;last_472;472;521
first_473;last_473;473;522
first_474;last_474;474;523
first_475;last_475;475;524
first_476;last_476;476;525
first_477;last_477;477;526
first_478;last_478;478;527
first_479;last_479;479;528
first_480;last_480;480;529
first_481;last_481;481;530
first_482;last_482;482;531
first_483;last_483;483;532
first_484;last_484;484;533
first_485;last_485;485;534
first_486;last_486;486;535
first_487;last_487;487;536
first_488;last_488;488;537
first_489;last_489;489;538
first_490;last_490;490;539
first_491;last_491;491;540
first_492;last_492;492;541
first_493;last_493;493;542
first_494;last_494;494;543
first_495;last_495;495;544
first_496;last_496;496;545
first_497;last_497;497;546
first_498;last_498;498;547
first_499;last_499;499;548
first_500;last_500;500;549
first_501;last_501;501;550
first_502;last_502;502;551
first_503;last_503;503;552
first_504;last_504;504;553
first_505;last_505;505;554
first_506;last_506;506;555
first_507;last_507;507;556
first_508;last_508;508;557
first_509;last_509;509;558
first_510;last_510;510;559
first_511;last_511;511;560
first_512;last_512;512;561
first_513;last_513;513;562
first_514;last_514;514;563
first_515;last_515;515;564
first_516;last_516;516;565
first_517;last_517;517;566
first_518;last_518;518;567
first_519;last_519;519;568
first_520;last_520;520;569
first_521;last_521;521;570
first_522;last_522;522;571
first_523;last_523;523;572
first_524;last_524;524;573
first_525;last_525;525;574
first_526;last_526;526;575
first_527;last_527;527;576
first_528;last_528;528;577
first_529;last_529;529;578
first_530;last_530;530;579
first_531;last_531;531;580
first_532;last_532;532;581
first_533;last_533;533;582
first_534;last_534;534;583
first_535;last_535;535;584
first_536;last_536;536;585
first_537;last_537;537;586
first_538;last_538;538;587
first_539;last_539;539;588
first_540;last_540;540;589
first_541;last_541;541;590
first_542;last_542;542;591
first_543;last_543;543;592
first_544;last_544;544;593
first_545;last_545;545;594
first_546;last_546;546;595
first_547;last_547;547;596
first_548;last_548;548;597
first_549;last_549;549;598
first_550;last_550;550;599
first_551;last_551;551;600
first_552;last_552;552;601
first_553;last_553;553;602
first_554;last_554;554;603
first_555;last_555;555;604
first_556;last_556;556;605
first_557;last_557;557;606
first_558;last_558;558;607
first_559;last_559;559;608
first_560;last_560;560;609
first_561;last_561;561;610
first_562;last_562;562;611
first_563;last_563;563;612
first_564;last_564;564;613
first_565;last_565;565;614
first_566;last_566;566;615
first_567;last_567;567;616
first_568;last_568;568;617
first_569;last_569;569;618
first_570;last_570;570;619
first_571;last_571;571;620
first_572;last_572;572;621
first_573;last_573;573;622
first_574;last_574;574;623
first_575;last_575;575;624
first_576;last_576;576;625
first_577;last_577;577;626
first_578;last_578;578;627
first_579;last_579;579;628
first_580;last_580;580;629
first_581;last_581;581;630
first_582;last_582;582;631
first_583;last_583;583;632
first_584;last_584;584;633
first_585;last_585;585;634
first_586;last_586;586;635
first_587;last_587;587;636
first_588;last_588;588;637
first_589;last_589;589;638
first_590;last_590;590;639
first_591;last_591;591;640
first_592;last_592;592;641
first_593;last_593;593;642
first_594;last_594;594;643
first_595;last_595;595;644
first_596;last_596;596;645
first_597;last_597;597;646
first_598;last_598;598;647
first_599;last_599;599;648
first_600;last_600;600;649
first_601;last_601;601;650
first_602;last_602;602;651
first_603;last_603;603;652
first_604;last_604;604;653
first_605;last_605;605;654
first_606;last_606;606;655
first_607;last_607;607;656
first_608;last_608;608;657
first_609;last_609;609;658
first_610;last_610;610;659
first_611;last_611;611;660
first_612;last_612;612;661
first_613;last_613;613;662
first_614;last_614;614;663
first_615;last_615;615;664
first_616;last_616;616;665
first_617;last_617;617;666
first_618;last_618;618;667
first_619;last_619;619;668
first_620;last_620;620;669
first_621;last_621;621;670
first_622;last_622;622;671
first_623;last_623;623;672
first_624;last_624;624;673
first_625;last_625;625;674
first_626;last_626;626;675
first_627;last_627;627;676
first_628;last_628;628;677
first_629;last_629;629;678
first_630;last_630;630;679
first_631;last_631;631;680
first_632;last_632;632;681
first_633;last_633;633;682
first_634;last_634;634;683
first_635;last_635;635;684
first_636;last_636;636;685
first_637;last_637;637;686
first_638;last_638;638;687
first_639;last_639;639;688
first_640;last_640;640;689
first_641;last_641;641;690
first_642;last_642;642;691
first_643;last_643;643;692
first_644;last_644;644;693
first_645;last_645;645;694
first_646;last_646;646;695
first_647;last_647;647;696
first_648;last_648;648;697
first_649;last_649;649;698
first_650;last_650;650;699
first_651;last_651;651;700
first_652;last_652;652;701
first_653;last_653;653;702
first_654;last_654;654;703
first_655;last_655;655;704
first_656;last_656;656;705
first_657;last_657;657;706
first_658;last_658;658;707
first_659;last_659;659;708
first_660;last_660;660;709
first_661;last_661;661;710
first_662;last_662;662;711
first_663;last_663;663;712
first_664;last_664;664;713
first_665;last_665;665;714
first_666;last_666;666;715
first_667;last_667;667;716
first_668;last_668;668;717
first_669;last_669;669;718
first_670;last_670;670;719
first_671;last_671;671;720
first_672;last_672;672;721
first_673;last_673;673;722
first_674;last_674;674;723
first_675;last_675;675;724
first_676;last_676;676;725
first_677;last_677;677;726
first_678;last_678;678;727
first_679;last_679;679;728
first_680;last_680;680;729
first_681;last_681;681;730
first_682;last_682;682;731
first_683;last_683;683;732
first_684;last_684;684;733
first_685;last_685;685;734
first_686;last_686;686;735
first_687;last_687;687;736
first_688;last_688;688;737
first_689;last_689;689;738
first_690;last_690;690;739
first_691;last_691;691;740
first_692;last_692;692;741
first_693;last_693;693;742
first_694;last_694;694;743
first_695;last_695;695;744
first_696;last_696;696;745
first_697;last_697;697;746
first_698;last_698;698;747
first_699;last_699;699;748
first_700;last_700;700;749
first_701;last_701;701;750
first_702;last_702;702;751
first_703;last_703;703;752
first_704;last_704;704;753
first_705;last_705;705;754
first_706;last_706;706;755
first_707;last_707;707;756
first_708;last_708;708;757
first_709;last_709;709;758
first_710;last_710;710;759
first_711;last_711;711;760
first_712;last_712;712;761
first_713;last_713;713;762
first_714;last_714;714;763
first_715;last_715;715;764
first_716;last_716;716;765
first_717;last_717;717;766
first_718;last_718;718;767
first_719;last_719;719;768
first_720;last_720;720;769
first_721;last_721;721;770
first_722;last_722;722;771
first_723;last_723;723;772
first_724;last_724;724;773
first_725;last_725;725;774
first_726;last_726;726;775
first_727;last_727;727;776
first_728;last_728;728;777
first_729;last_729;729;778
first_730;last_730;730;779
first_731;last_731;731;780
first_732;last_732;732;781
first_733;last_733;733;782
first_734;last_734;734;783
first_735;last_735;735;784
first_736;last_736;736;785
first_737;last_737;737;786
first_738;last_738;738;787
first_739;last_739;739;788
first_740;last_740;740;789
first_741;last_741;741;790
first_742;last_742;742;791
first_743;last_743;743;792
first_744;last_744;744;793
first_745;last_745;745;794
first_746;last_746;746;795
first_747;last_747;747;796
first_748;last_748;748;797
first_749;last_749;749;798
first_750;last_750;750;799
first_751;last_751;751;800
first_752;last_752;752;801
first_753;last_753;753;802
first_754;last_754;754;803
first_755;last_755;755;804
first_756;last_756;756;805
first_757;last_757;757;806
first_758;last_758;758;807
first_759;last_759;759;808
first_760;last_760;760;809
first_761;last_761;761;810
first_762;last_762;762;811
first_763;last_763;763;812
first_764;last_764;764;813
first_765;last_765;765;814
first_766;last_766;766;815
first_767;last_767;767;816
first_768;last_768;768;817
first_769;last_769;769;818
first_770;last_770;770;819
first_771;last_771;771;820
first_772;last_772;772;821
first_773;last_773;773;822
first_774;last_774;774;823
first_775;last_775;775;824
first_776;last_776;776;825
first_777;last_777;777;826
first_778;last_778;778;827
first_779;last_779;779;828
first_780;last_780;780;829
first_781;last_781;781;830
first_782;last_782;782;831
first_783;last_783;783;832
first_784;last_784;784;833
first_785;last_785;785;834
first_786;last_786;786;835
first_787;last_787;787;836
first_788;last_788;788;837
first_789;last_789;789;838
first_790;last_790;790;839
first_791;last_791;791;840
first_792;last_792;792;841
first_793;last_793;793;842
first_794;last_794;794;843
first_795;last_795;795;844
first_796;last_796;796;845
first_797;last_797;797;846
first_798;last_798;798;847
first_799;last_799;799;848
first_800;last_800;800;849
first_801;last_801;801;850
first_802;last_802;802;851
first_803;last_803;803;852
first_804;last_804;804;853
first_805;last_805;805;854
first_806;last_806;806;855
first_807;last_807;807;856
first_808;last_808;808;857
first_809;last_809;809;858
first_810;last_810;810;859
first_811;last_811;811;860
first_812;last_812;812;861
first_813;last_813;813;862
first_814;last_814;814;863
first_815;last_815;815;864
first_816;last_816;816;865
first_817;last_817;817;866
first_818;last_818;818;867
first_819;last_819;819;868
first_820;last_820;820;869
first_821;last_821;821;870
first_822;last_822;822;871
first_823;last_823;823;872
first_824;last_824;824;873
first_825;last_825;825;874
first_826;last_826;826;875
first_827;last_827;827;876
first_828;last_828;828;877
first_829;last_829;829;878
first_830;last_830;830;879
first_831;last_831;831;880
first_832;last_832;832;881
first_833;last_833;833;882
first_834;last_834;834;883
first_835;last_835;835;884
first_836;last_836;836;885
first_837;last_837;837;886
first_838;last_838;838;887
first_839;last_839;839;888
first_840;last_840;840;889
first_841;last_841;841;890
first_842;last_842;842;891
first_843;last_843;843;892
first_844;last_844;844;893
first_845;last_845;845;894
first_846;last_846;846;895
first_847;last_847;847;896
first_848;last_848;848;897
first_849;last_849;849;898
first_850;last_850;850;899
first_851;last_851;851;900
first_852;last_852;852;901
first_853;last_853;853;902
first_854;last_854;854;903
first_855;last_855;855;904
first_856;last_856;856;905
first_857;last_857;857;906
first_858;last_858;858;907
first_859;last_859;859;908
first_860;last_860;860;909
first_861;last_861;861;910
first_862;last_862;862;911
first_863;last_863;863;912
first_864;last_864;864;913
first_865;last_865;865;914
first_866;last_866;866;915
first_867;last_867;867;916
first_868;last_868;868;917
first_869;last_869;869;918
first_870;last_870;870;919
first_871;last_871;871;920
first_872;last_872;872;921
first_873;last_873;873;922
first_874;last_874;874;923
first_875;last_875;875;924
first_876;last_876;876;925
first_877;last_877;877;926
first_878;last_878;878;927
first_879;last_879;879;928
first_880;last_880;880;929
first_881;last_881;881;930
first_882;last_882;882;931
first_883;last_883;883;932
first_884;last_884;884;933
first_885;last_885;885;934
first_886;last_886;886;935
first_887;last_887;887;936
first_888;last_888;888;937
first_889;last_889;889;938
first_890;last_890;890;939
first_891;last_891;891;940
first_892;last_892;892;941
first_893;last_893;893;942
first_894;last_894;894;943
first_895;last_895;895;944
first_896;last_896;896;945
first_897;last_897;897;946
first_898;last_898;898;947
first_899;last_899;899;948
first_900;last_900;900;949
first_901;last_901;901;950
first_902;last_902;902;951
first_903;last_903;903;952
first_904;last_904;904;953
first_905;last_905;905;954
first_906;last_906;906;955
first_907;last_907;907;956
first_908;last_908;908;957
first_909;last_909;909;958
first_910;last_910;910;959
first_911;last_911;911;960
first_912;last_912;912;961
first_913;last_913;913;962
first_914;last_914;914;963
first_915;last_915;915;964
first_916;last_916;916;965
first_917;last_917;917;966
first_918;last_918;918;967
first_919;last_919;919;968
first_920;last_920;920;969
first_921;last_921;921;970
first_922;last_922;922;971
first_923;last_923;923;972
first_924;last_924;924;973
first_925;last_925;925;974
first_926;last_926;926;975
first_927;last_927;927;976
first_928;last_928;928;977
first_929;last_929;929;978
first_930;last_930;930;979
first_931;last_931;931;980
first_932;last_932;932;981
first_933;last_933;933;982
first_934;last_934;934;983
first_935;last_935;935;984
first_936;last_936;936;985
first_937;last_937;937;986
first_938;last_938;938;987
first_939;last_939;939;988
first_940;last_940;940;989
first_941;last_941;941;990
first_942;last_942;942;991
first_943;last_943;943;992
first_944;last_944;944;993
first_945;last_945;945;994
first_946;last_946;946;995
first_947;last_947;947;996
first_948;last_948;948;997
first_949;last_949;949;998
first_950;last_950;950;999
first_951;last_951;951;1000
first_952;last_952;952;1001
first_953;last_953;953;1002
first_954;last_954;954;1003
first_955;last_955;955;1004
first_956;last_956;956;1005
first_957;last_957;957;1006
first_958;last_958;958;1007
first_959;last_959;959;1008
first_960;last_960;960;1009
first_961;last_961;961;1010
first_962;last_962;962;1011
first_963;last_963;963;1012
first_964;last_964;964;1013
first_965;last_965;965;1014
first_966;last_966;966;1015
first_967;last_967;967;1016
first_968;last_968;968;1017
first_969;last_969;969;1018
first_970;last_970;970;1019
first_971;last_971;971;1020
first_972;last_972;972;1021
first_973;last_973;973;1022
first_974;last_974;974;1023
first_975;last_975;975;1024
first_976;last_976;976;1025
first_977;last_977;977;1026
first_978;last_978;978;1027
first_979;last_979;979;1028
first_980;last_980;980;1029
first_981;last_981;981;1030
first_982;last_982;982;1031
first_983;last_983;983;1032
first_984;last_984;984;1033
first_985;last_985;985;1034
first_986;last_986;986;1035
first_987;last_987;987;1036
first_988;last_988;988;1037
first_989;last_989;989;1038
first_990;last_990;990;1039
first_991;last_991;991;1040
first_992;last_992;992;1041
first_993;last_993;993;1042
first_994;last_994;994;1043
first_995;last_995;995;1044
first_996;last_996;996;1045
first_997;last_997;997;1046
first_998;last_998;998;1047
first_999;last_999;999;1048
